episode_rewards,episode_lengths,success_rates,objective_values
-78371.54951061119,106,1.0,0.0
-114257.58124052477,115,0.9926470588235294,0.0
-106199.55554073489,120,1.0,0.0
-90224.96064491669,118,1.0,0.0
-96443.77049069773,103,1.0,0.0
-118263.2322977656,127,0.9797297297297297,0.0
-116382.73977793418,128,0.9701492537313433,0.0
-134201.09034039837,129,0.993103448275862,0.0
-123572.91663494094,131,0.9473684210526315,0.0
-100351.31115071931,130,0.9607843137254902,0.0
-103151.60053918314,119,0.9935064935064936,0.0
-103213.99378585257,115,1.0,0.0
-86083.40588279131,119,1.0,0.0
-109183.20841069955,121,0.9871794871794872,0.0
-105171.46578698867,143,0.967391304347826,0.0
-84080.06197495165,125,1.0,0.0
-88352.34645927828,103,1.0,0.0
-91044.24022673402,140,0.983957219251337,0.0
-135332.4316494507,141,0.971830985915493,0.0
-76116.64952649528,120,0.9880239520958084,0.0
-113340.16249987335,139,0.9482758620689655,0.0
-94279.06679823656,122,0.9924242424242424,0.0
-94932.74401448834,131,0.98989898989899,0.0
-69154.03902379902,109,1.0,0.0
-90105.9117170599,133,0.9882352941176471,0.0
-84198.52723120058,117,0.9931506849315068,0.0
-112230.0017629871,121,0.9929078014184397,0.0
-88213.7413325776,115,1.0,0.0
-79100.53968466751,111,1.0,0.0
-76202.388565202,118,0.9931506849315068,0.0
-91268.50259159456,112,1.0,0.0
-82066.40496077327,125,0.9940828402366864,0.0
-61115.249920447546,116,1.0,0.0
-82233.47390049584,108,1.0,0.0
-70333.95103785332,105,1.0,0.0
-94129.42835591725,124,0.9825581395348837,0.0
-71988.2924815108,138,0.9846153846153847,0.0
-44874.04697869247,130,1.0,0.0
-71034.1234116546,121,0.9942857142857143,0.0
-72125.00152766041,120,0.9936708860759493,0.0
-68018.6837634077,124,0.9798994974874372,0.0
-68008.68004060019,121,1.0,0.0
-67151.01709006826,121,0.9935483870967742,0.0
-68034.9770032556,118,1.0,0.0
-105068.92872813085,137,0.9833333333333333,0.0
-94177.54092743954,125,0.9814814814814815,0.0
-80093.55953113436,124,0.9939024390243902,0.0
-59969.41342989788,134,0.9761904761904762,0.0
-84904.50329476634,138,0.9857142857142858,0.0
-57021.802943168586,108,1.0,0.0
-67000.03889943064,122,0.9944444444444445,0.0
-86965.74248250683,125,0.9946524064171123,0.0
-53936.69774966172,120,1.0,0.0
-67965.30981227753,128,1.0,0.0
-52900.58807212144,122,1.0,0.0
-65857.62611785816,126,0.9951456310679612,0.0
-49174.5554560864,105,1.0,0.0
-62021.09965073973,115,1.0,0.0
-70022.83556982513,126,0.9841269841269841,0.0
-57198.93622117317,110,1.0,0.0
-63017.63230650957,117,1.0,0.0
-59990.87709092355,123,0.9945054945054945,0.0
-66040.50570324257,126,0.9792746113989638,0.0
-58155.09565491413,109,1.0,0.0
-69955.8836593788,129,1.0,0.0
-56983.62028060272,128,0.9945652173913043,0.0
-33072.75705646371,102,1.0,0.0
-68897.84503041403,124,0.9857142857142858,0.0
-55797.47745786767,129,0.990990990990991,0.0
-71857.84259045777,149,0.9745762711864406,0.0
-44071.635472436305,111,1.0,0.0
-44129.3907797283,104,1.0,0.0
-60736.8682167088,135,0.9913793103448276,0.0
-65016.168771014,121,1.0,0.0
-66815.82807782202,140,0.9828326180257511,0.0
-50048.683695856744,115,0.9941860465116279,0.0
-50013.5156761084,113,1.0,0.0
-43102.55728271262,107,1.0,0.0
-54924.423457944475,119,0.99,0.0
-33056.04071410653,111,1.0,0.0
-44795.524309567,131,1.0,0.0
-41037.52157922617,118,0.9942528735632183,0.0
-34922.634661585056,113,1.0,0.0
-47792.07256000137,126,1.0,0.0
-46957.71880062684,122,1.0,0.0
-32032.09405564197,120,1.0,0.0
-53718.89666347709,139,0.9915254237288136,0.0
-60868.03558437923,132,0.9861111111111112,0.0
-48088.84068869443,115,1.0,0.0
-52778.079029280685,136,0.9911111111111112,0.0
-46788.2076097755,115,1.0,0.0
-46776.49116937913,133,1.0,0.0
-44767.58459882026,135,1.0,0.0
-27896.370235828545,108,1.0,0.0
-62905.39815174863,130,0.9901960784313726,0.0
-45848.392402045014,125,1.0,0.0
-39956.8901083912,111,1.0,0.0
-53743.597692716154,138,0.9955357142857143,0.0
-43922.11933561037,130,0.9948717948717949,0.0
-39919.23332130536,127,0.9948453608247423,0.0
-32879.846078039765,120,1.0,0.0
-56926.67353992603,118,0.9948186528497409,0.0
-40881.87021887483,113,1.0,0.0
-50960.54416781398,117,1.0,0.0
-39013.121438838105,106,1.0,0.0
-39118.407114323425,107,1.0,0.0
-39794.11433478127,132,0.9953703703703703,0.0
-23833.542057509236,131,0.9951923076923077,0.0
-34939.205842309304,124,0.9947368421052631,0.0
-31783.055898442453,140,0.9954128440366973,0.0
-32927.62777785989,115,1.0,0.0
-29938.908216167092,107,1.0,0.0
-33990.00541055301,104,1.0,0.0
-55939.00915738925,120,0.9947643979057592,0.0
-39978.47473985946,113,1.0,0.0
-84829.11847198666,144,0.9865470852017937,0.0
-40881.598008876084,117,1.0,0.0
-33934.44662691907,122,1.0,0.0
-38817.72441275062,114,1.0,0.0
-54804.13658691018,143,0.990909090909091,0.0
-45840.47429850923,134,0.9907407407407407,0.0
-49111.42356840737,117,0.9828571428571429,0.0
-44718.36605632896,133,1.0,0.0
-35802.2727853824,124,1.0,0.0
-34930.902829319886,133,0.9853658536585366,0.0
-38642.84427497799,143,0.9919354838709677,0.0
-54631.473127405865,146,0.9920318725099602,0.0
-45068.23119333258,111,1.0,0.0
-52723.860843164184,155,0.9914893617021276,0.0
-60951.8525074318,143,0.9807692307692307,0.0
-57871.761365090526,136,0.9715447154471545,0.0
-53004.68276035341,114,1.0,0.0
-65912.1042475468,139,0.9900990099009901,0.0
-37037.06557816329,113,1.0,0.0
-63939.84953875796,138,0.9852216748768473,0.0
-45986.8557450125,117,1.0,0.0
-63087.24051008734,128,0.9883040935672515,0.0
-54923.46209007275,117,1.0,0.0
-36997.93347098517,109,1.0,0.0
-44727.63165389813,114,1.0,0.0
-35858.4168587165,128,0.990521327014218,0.0
-44982.610709111665,109,1.0,0.0
-52842.6409956456,125,1.0,0.0
-41932.36087332196,105,1.0,0.0
-48815.19653637018,120,0.9953051643192489,0.0
-49679.26436602611,145,0.984375,0.0
-31840.278096730148,122,0.9952153110047847,0.0
-31860.692373923765,112,1.0,0.0
-17828.416687200068,107,1.0,0.0
-55952.466861469766,135,0.9896907216494846,0.0
-49073.89366685909,102,1.0,0.0
-49958.877847410666,125,1.0,0.0
-53975.0645236542,119,0.9895287958115183,0.0
-33940.260311932936,124,1.0,0.0
-45805.15184150138,126,0.9953051643192489,0.0
-39089.69046086354,107,1.0,0.0
-46998.130121510716,104,1.0,0.0
-49886.74218712279,117,1.0,0.0
-55904.79531607905,127,0.9901960784313726,0.0
-33944.05398216412,109,1.0,0.0
-58912.68503409017,123,1.0,0.0
-44893.10946018333,121,0.985781990521327,0.0
-54080.02066422165,109,1.0,0.0
-47902.995387917326,127,0.9949494949494949,0.0
-39972.65363949571,115,1.0,0.0
-57899.493087910756,136,0.9949494949494949,0.0
-52805.94533454778,121,1.0,0.0
-47679.06411329302,143,0.9917355371900827,0.0
-51991.67895034196,113,1.0,0.0
-75058.40329203408,120,0.9887005649717514,0.0
-66899.4875416389,118,1.0,0.0
-42971.17553587106,113,1.0,0.0
-43075.0561938859,110,1.0,0.0
-37941.72629212561,112,1.0,0.0
-28012.790178319014,108,1.0,0.0
-26956.415789927618,111,1.0,0.0
-49702.92268111438,141,0.9877551020408163,0.0
-45861.290605039234,113,0.9950980392156863,0.0
-43083.97030098129,107,1.0,0.0
-51832.1822903062,146,0.9752066115702479,0.0
-44004.41535079819,107,1.0,0.0
-38908.96642204165,123,0.9948717948717949,0.0
-39833.08384298572,122,1.0,0.0
-45699.3489151558,148,0.9841897233201581,0.0
-60002.97540667156,112,1.0,0.0
-46098.0705556107,115,1.0,0.0
-55061.41151291261,122,0.9838709677419355,0.0
-43139.20528317013,123,0.9935897435897436,0.0
-52859.17714844486,117,0.9951456310679612,0.0
-54109.428518937595,112,1.0,0.0
-30819.024180746906,115,1.0,0.0
-49983.26724175876,131,0.9895833333333334,0.0
-49920.91909829343,120,1.0,0.0
-39944.068436223635,132,0.9947368421052631,0.0
-54883.92119978913,119,1.0,0.0
-61809.78602482338,143,0.9789915966386554,0.0
-51817.43405928481,125,0.9952830188679245,0.0
-39884.10499878577,112,1.0,0.0
-51752.162325180936,124,1.0,0.0
-50032.90965244198,126,0.9942857142857143,0.0
-64877.5360865387,152,0.9743589743589743,0.0
-66901.44482280346,138,0.9902439024390244,0.0
-67039.47095233842,120,0.9942196531791907,0.0
-53891.76556527381,121,0.9902439024390244,0.0
-57970.32015711751,123,0.9945652173913043,0.0
-41911.99036627125,130,0.9948453608247423,0.0
-55838.50103274842,128,0.9952153110047847,0.0
-78224.71429903554,131,0.9662921348314607,0.0
-38865.63486798953,122,0.9950738916256158,0.0
-53909.4163680866,107,1.0,0.0
-61858.56267746993,120,0.9951219512195122,0.0
-52102.961679060114,106,1.0,0.0
-93843.93771842167,138,0.9864864864864865,0.0
-66724.66478721984,133,0.9956331877729258,0.0
-51973.947857298685,117,1.0,0.0
-62008.0285836647,112,1.0,0.0
-63076.19179416551,111,1.0,0.0
-67250.7293554592,108,1.0,0.0
-83901.27020793894,131,0.9857142857142858,0.0
-36897.30525021977,120,1.0,0.0
-39937.28611848201,110,1.0,0.0
-73891.8638010021,128,0.9949748743718593,0.0
-80062.57860774967,128,1.0,0.0
-63940.269183736804,128,0.9947643979057592,0.0
-81115.44861334274,134,0.9879518072289156,0.0
-54995.20250854701,114,0.994475138121547,0.0
-54057.696236490265,111,1.0,0.0
-69052.04656724856,131,0.9941860465116279,0.0
-64030.21851249125,110,1.0,0.0
-51911.80859231023,123,1.0,0.0
-72928.07334907846,124,0.9948186528497409,0.0
-60847.36482677956,130,1.0,0.0
-62031.804255508985,106,1.0,0.0
-59049.60033326542,125,0.9887640449438202,0.0
-46031.31029795164,110,1.0,0.0
-72837.96340995685,151,0.9863636363636363,0.0
-61011.54039747687,132,0.984375,0.0
-52153.84352178424,105,1.0,0.0
-73970.59830829424,125,0.9946236559139785,0.0
-72980.65741277461,119,0.9945054945054945,0.0
-55781.93207575557,124,0.9954128440366973,0.0
-51958.208996652276,129,0.9896907216494846,0.0
-67813.70911542285,137,0.9867256637168141,0.0
-61928.300678353444,135,0.9853658536585366,0.0
-57075.844307362386,113,0.9939759036144579,0.0
-62097.071865127196,113,1.0,0.0
-53811.27427086693,124,1.0,0.0
-57960.68842292385,118,1.0,0.0
-87889.22767230643,147,0.9673469387755103,0.0
-64974.063777026604,126,1.0,0.0
-57987.30046282312,124,0.9945652173913043,0.0
-49081.65384426093,113,1.0,0.0
-81141.14647096724,126,1.0,0.0
-64967.78023018975,115,1.0,0.0
-57797.447296839506,140,1.0,0.0
-83965.60708363299,140,0.9849246231155779,0.0
-56720.82658346895,144,0.987603305785124,0.0
-52936.384247668495,118,1.0,0.0
-58805.79604674081,143,0.9829787234042553,0.0
-37005.531538379764,106,1.0,0.0
-52888.60123933995,122,0.995,0.0
-70100.18372234443,108,1.0,0.0
-55801.64088917177,122,1.0,0.0
-63005.65661729035,123,0.994413407821229,0.0
-46053.80952429368,110,1.0,0.0
-57864.217148402895,121,1.0,0.0
-52914.240064154175,107,1.0,0.0
-75871.65717640292,137,0.9904306220095693,0.0
-40970.791485874215,120,1.0,0.0
-48964.57494200321,114,0.9946808510638298,0.0
-47858.7167436479,125,0.9951219512195122,0.0
-22996.380539379345,108,1.0,0.0
-24905.00021858385,113,1.0,0.0
-50038.18701777471,116,0.9942196531791907,0.0
-45039.91700977337,103,1.0,0.0
-87183.70215666642,117,0.9933333333333333,0.0
-48220.27640149105,107,1.0,0.0
-35190.57187842946,107,1.0,0.0
-39165.668092101296,104,1.0,0.0
-49882.6881901762,131,1.0,0.0
-47793.95211601378,125,1.0,0.0
-71077.25035919397,117,1.0,0.0
-40906.870348616336,108,1.0,0.0
-42820.01805906405,128,0.9952380952380953,0.0
-28791.63983973991,115,1.0,0.0
-75069.45498101226,115,0.9940828402366864,0.0
-52970.37079452345,140,0.9849246231155779,0.0
-47206.38100565162,107,1.0,0.0
-42801.68355214605,122,1.0,0.0
-57034.514373129605,121,0.9888888888888889,0.0
-71889.25051729182,132,1.0,0.0
-36696.432588323005,145,0.9806949806949807,0.0
-46036.93420828267,103,1.0,0.0
-51872.99133095413,120,1.0,0.0
-60273.47388106934,103,1.0,0.0
-35850.5725562759,122,1.0,0.0
-63784.3279584931,128,0.9954128440366973,0.0
-40835.70847877361,124,0.9951923076923077,0.0
-59127.301123446996,119,0.9936708860759493,0.0
-60752.06331065571,126,0.9955156950672646,0.0
-73871.76548306653,136,0.9950738916256158,0.0
-54798.60852460073,133,0.9953488372093023,0.0
-49205.777151409915,104,1.0,0.0
-58971.8353498141,117,1.0,0.0
-39092.04025627442,109,1.0,0.0
-51964.67815620354,110,1.0,0.0
-48082.91280418889,110,0.9939759036144579,0.0
-63883.20699059136,129,0.9949748743718593,0.0
-64048.00172376162,115,1.0,0.0
-61040.544448845794,119,1.0,0.0
-48936.50809451738,112,0.9947916666666666,0.0
-33947.40597005312,120,0.9947368421052631,0.0
-38944.576323414076,116,1.0,0.0
-29840.936222270837,127,1.0,0.0
-33055.27108662404,109,1.0,0.0
-56883.930180314936,123,1.0,0.0
-58832.70630493271,122,1.0,0.0
-48028.176937554985,114,1.0,0.0
-55927.35376750557,126,1.0,0.0
-44993.09760095577,105,0.994475138121547,0.0
-48991.666094945875,110,1.0,0.0
-46868.30467833321,119,1.0,0.0
-48009.92924011216,115,0.994413407821229,0.0
-55889.93028121592,135,0.985781990521327,0.0
-50959.520927093065,126,0.9946236559139785,0.0
-26902.548616151496,117,1.0,0.0
-36866.36771222114,118,1.0,0.0
-55802.32236590794,145,0.9829059829059829,0.0
-50718.0932831199,127,0.9956331877729258,0.0
-42859.25656530124,125,0.9951219512195122,0.0
-58029.123577143175,131,0.9794871794871794,0.0
-74851.91689749161,143,0.9823788546255506,0.0
-29020.957658885556,107,1.0,0.0
-33646.5459040275,132,0.995850622406639,0.0
-43943.48028633521,127,0.9897959183673469,0.0
-46598.730592099026,130,1.0,0.0
-53903.95928712809,117,1.0,0.0
-61739.0835427135,152,0.9874476987447699,0.0
-40793.96111459978,128,1.0,0.0
-32747.477002660136,122,1.0,0.0
-51994.48588660007,127,0.9893048128342246,0.0
-43836.176316183395,109,1.0,0.0
-47975.61920526388,128,0.9945945945945946,0.0
-38874.18560212133,128,1.0,0.0
-32159.83395763652,110,1.0,0.0
-57002.36126395034,115,1.0,0.0
-41911.78921134582,118,1.0,0.0
-44684.348751871636,138,0.9957446808510638,0.0
-51721.454596771844,144,0.9803921568627451,0.0
-36044.819196162454,113,0.9941520467836257,0.0
-56984.687635992865,116,0.9894179894179894,0.0
-27555.503334845438,148,1.0,0.0
-38918.92657286467,124,0.9947916666666666,0.0
-19827.21315971812,107,1.0,0.0
-43672.89406763904,129,0.9957627118644068,0.0
-43808.137520016266,124,1.0,0.0
-25523.420368168114,129,1.0,0.0
-55959.56066851074,135,0.9896907216494846,0.0
-19954.62055034015,107,1.0,0.0
-53854.592414971135,134,1.0,0.0
-36839.499838436175,141,0.9951690821256038,0.0
-48688.09276996707,124,1.0,0.0
-37533.15570190812,152,0.989010989010989,0.0
-41867.193567379734,130,0.9950980392156863,0.0
-37605.24514501075,164,0.978494623655914,0.0
-26931.062647369312,114,1.0,0.0
-16599.117199746892,140,1.0,0.0
-31710.347779841388,133,0.9915254237288136,0.0
-22037.709890368053,107,1.0,0.0
-35884.562237403945,119,1.0,0.0
-39580.497574977184,140,0.9960474308300395,0.0
-39791.00950017523,124,0.9953917050691244,0.0
-50906.54584968441,126,0.9948979591836735,0.0
-34713.07507211958,124,1.0,0.0
-60832.51379245005,137,0.9863636363636363,0.0
-26794.72740440283,127,1.0,0.0
-33420.88960703152,141,0.993006993006993,0.0
-40878.164540000114,125,1.0,0.0
-29369.354624562635,137,1.0,0.0
-31704.02929289985,128,1.0,0.0
-43577.76248997166,143,0.9853479853479854,0.0
-12608.456628030028,119,1.0,0.0
-29642.48242381701,127,0.9958677685950413,0.0
-30695.25539611199,125,1.0,0.0
-44945.32254251552,133,0.9897959183673469,0.0
-26809.939075422364,122,1.0,0.0
-13875.533557908575,110,1.0,0.0
-43716.57743244625,131,1.0,0.0
-23751.684434212846,124,1.0,0.0
-11694.914077199743,118,1.0,0.0
-33766.8925027524,114,0.9954545454545455,0.0
-13768.495372595715,125,0.995475113122172,0.0
-32614.184797400216,119,1.0,0.0
-27824.559094889602,104,1.0,0.0
-38994.72178711268,106,1.0,0.0
-30416.091050953128,148,0.9897260273972602,0.0
-29909.13144793997,111,1.0,0.0
-12861.1598652175,110,1.0,0.0
-24779.902003345975,115,1.0,0.0
-25683.449869543067,135,1.0,0.0
-14938.417802789649,111,1.0,0.0
-19623.597632163644,129,1.0,0.0
-22874.939295782795,122,0.995,0.0
-12603.928391959855,128,1.0,0.0
-10087.771612185485,104,1.0,0.0
-24798.197743433895,119,1.0,0.0
-21622.24998017361,135,1.0,0.0
-10662.411427331193,120,1.0,0.0
-29796.680564040453,130,1.0,0.0
-31800.958657459145,138,0.990909090909091,0.0
-26500.02549941317,153,0.9926739926739927,0.0
-20923.21407287926,108,1.0,0.0
-31806.082584408967,121,1.0,0.0
-5508.098291590592,136,1.0,0.0
-9630.90583011586,117,1.0,0.0
-12874.975620085212,111,1.0,0.0
-14456.100404794659,145,0.9928571428571429,0.0
-13735.069764795402,120,1.0,0.0
-26824.615168788783,123,0.9907407407407407,0.0
-17003.87308780615,103,1.0,0.0
-18583.178758517803,129,0.9960474308300395,0.0
-8589.53014801979,130,1.0,0.0
-14759.708821685444,113,1.0,0.0
-19667.105076269687,123,1.0,0.0
-11611.838820899118,123,1.0,0.0
-7833.664628554211,109,1.0,0.0
-16625.753016930386,120,1.0,0.0
-19757.087178844602,121,1.0,0.0
-16772.59746251529,123,1.0,0.0
-4881.25260498378,110,1.0,0.0
-19574.973091843247,132,1.0,0.0
-7588.915219232279,120,1.0,0.0
-15855.398814828986,113,1.0,0.0
-15589.735258277376,138,1.0,0.0
-8633.122463727115,113,1.0,0.0
-7981.470022370257,113,1.0,0.0
-8799.801052080455,123,1.0,0.0
-8550.10004844433,122,1.0,0.0
-5548.120991723822,123,1.0,0.0
-7614.007866867816,128,1.0,0.0
-13835.800168469836,106,1.0,0.0
-8425.542509325842,131,1.0,0.0
-13646.345651860236,126,1.0,0.0
-8528.371832161323,118,1.0,0.0
-12752.076644114217,119,1.0,0.0
-12697.660083617831,119,1.0,0.0
-9823.09446825181,113,1.0,0.0
-5472.305888321935,139,1.0,0.0
-3543.615692037437,120,1.0,0.0
-8882.182063724336,117,1.0,0.0
-10737.056666103492,111,1.0,0.0
-14772.835380892244,122,0.9954337899543378,0.0
-12548.512083414016,125,0.9961240310077519,0.0
-4647.83284981529,122,1.0,0.0
-5785.999421915496,119,1.0,0.0
-8611.716709263223,130,1.0,0.0
-10658.846696614211,120,1.0,0.0
-14499.206432730552,128,0.9962406015037594,0.0
-10293.061308944882,140,1.0,0.0
-13390.319084554025,140,0.9931506849315068,0.0
-12861.124854968222,112,1.0,0.0
-4799.373478185584,108,1.0,0.0
-8762.172475271798,118,1.0,0.0
-11774.447660795495,123,1.0,0.0
-2712.4099265945347,119,1.0,0.0
-6436.573225321122,157,0.9929577464788732,0.0
-7433.3302768539,141,0.9929824561403509,0.0
-5652.162229175233,131,1.0,0.0
-6783.894473688438,115,1.0,0.0
-3868.7767721259675,104,1.0,0.0
-7391.791703230998,152,0.9965034965034965,0.0
-7726.0963426789785,116,1.0,0.0
-1658.8821906702592,124,1.0,0.0
-5844.5596478125035,112,1.0,0.0
-7653.6918027013735,127,1.0,0.0
-6672.332044487398,123,1.0,0.0
-7625.7039393029745,151,0.9848484848484849,0.0
-6669.173293555921,114,1.0,0.0
-6633.990427476356,135,0.992,0.0
-4461.505819916512,131,1.0,0.0
-5502.97402562083,122,1.0,0.0
-2935.690697626413,111,1.0,0.0
-3686.050797285669,124,1.0,0.0
-4419.451193466601,153,0.996415770609319,0.0
-15713.69530086966,128,1.0,0.0
-9650.172550755791,123,0.9958333333333333,0.0
-7709.762371595198,116,1.0,0.0
-7681.883111223969,119,1.0,0.0
-6841.514299651338,119,0.9951923076923077,0.0
-2634.461545146726,105,1.0,0.0
-5481.9570357642715,126,1.0,0.0
-4784.258944814397,113,1.0,0.0
-3848.7423411365703,109,1.0,0.0
-7638.608345775153,118,1.0,0.0
-6522.210927635461,115,1.0,0.0
-4692.478567631265,124,1.0,0.0
-10824.478603378362,112,1.0,0.0
-6787.6969010804405,113,1.0,0.0
-2795.145858770554,119,1.0,0.0
-7795.518279326331,107,1.0,0.0
-9517.550628586903,134,1.0,0.0
-11765.056606481583,130,1.0,0.0
-6611.272587232617,116,1.0,0.0
-2648.0381742075315,131,1.0,0.0
-4568.444421042773,127,1.0,0.0
-853.514073929426,114,1.0,0.0
-726.5322526079068,105,1.0,0.0
-5666.20578575751,124,1.0,0.0
-3575.217900123195,128,1.0,0.0
-4625.072404178741,132,1.0,0.0
-10417.794777986028,121,1.0,0.0
-1747.6512102987597,106,1.0,0.0
297.2602160531011,131,1.0,0.0
-2552.7048067827336,124,1.0,0.0
-4536.1544629259315,125,0.9961240310077519,0.0
-3505.1196469265487,138,1.0,0.0
-4427.3607904410355,134,1.0,0.0
230.32990583485767,107,1.0,0.0
-7628.474504861606,131,1.0,0.0
-3855.751707405101,109,1.0,0.0
-4619.639785372619,126,1.0,0.0
-5729.32416300858,131,1.0,0.0
270.10549357484416,104,1.0,0.0
-3595.1809160500165,142,1.0,0.0
-5712.465150388004,107,1.0,0.0
-6489.41992929576,143,0.9892857142857143,0.0
-4749.859049223366,115,1.0,0.0
-6563.883706210274,137,1.0,0.0
-1511.4962489339507,121,1.0,0.0
-11725.45498821971,118,1.0,0.0
-5460.0816502888765,132,1.0,0.0
-3583.591694350419,117,1.0,0.0
-2745.920456070931,123,0.9955357142857143,0.0
-5605.0513558749135,119,1.0,0.0
-2802.6620644226055,102,1.0,0.0
-6725.413379679076,123,1.0,0.0
-2561.1125495925744,125,1.0,0.0
-4506.605157158997,128,1.0,0.0
-5740.865794010415,113,1.0,0.0
246.982625179278,107,1.0,0.0
-6853.691980055998,111,1.0,0.0
-4946.795246428052,112,1.0,0.0
-3816.0096168669193,108,1.0,0.0
-7785.439838161293,120,1.0,0.0
-1730.8038921515586,119,1.0,0.0
36.36761465967025,109,1.0,0.0
-2236.3726672868097,152,1.0,0.0
-2243.4963124131264,140,1.0,0.0
-2850.3880962867884,110,1.0,0.0
-3171.8870592091494,153,1.0,0.0
-2440.4591856554125,134,1.0,0.0
-5785.009898583424,122,1.0,0.0
-354.54380072650844,132,1.0,0.0
-5673.474488870746,111,1.0,0.0
-3577.7988104316555,126,1.0,0.0
-5550.6749706947985,118,1.0,0.0
-5421.413336824667,137,1.0,0.0
-3766.311789375072,118,0.9954337899543378,0.0
-4858.730869972193,116,1.0,0.0
-789.9293874905034,107,1.0,0.0
-622.2217366992664,110,1.0,0.0
104.59671774742625,113,1.0,0.0
499.1186748961086,126,1.0,0.0
-738.6070395175735,116,1.0,0.0
-2430.7958607666906,154,1.0,0.0
-2762.104591156493,131,1.0,0.0
-5789.276443763905,113,1.0,0.0
-5680.485090840239,118,1.0,0.0
-1468.8921354932706,126,1.0,0.0
-6581.5219647246,123,1.0,0.0
-3573.4893980819356,141,1.0,0.0
-5390.966739558538,149,1.0,0.0
-392.43150953463964,136,1.0,0.0
-3603.495605664065,134,1.0,0.0
-1607.189038408802,128,1.0,0.0
-1451.9745901407105,128,1.0,0.0
-2374.704447062713,131,1.0,0.0
305.42383014344074,114,1.0,0.0
-5532.550409515737,132,1.0,0.0
-2772.631833164894,118,1.0,0.0
1333.1527443984614,121,1.0,0.0
-1835.262938245055,103,1.0,0.0
-4503.946520947072,125,1.0,0.0
-3468.9919759873414,137,1.0,0.0
-804.1534917831759,108,1.0,0.0
356.1862457877081,110,1.0,0.0
-3529.5802942972196,130,1.0,0.0
233.97946386414935,113,1.0,0.0
-5593.318780430473,119,1.0,0.0
-5303.455388000979,148,0.9966887417218543,0.0
-1653.2557225702767,120,1.0,0.0
-2599.759788932624,115,1.0,0.0
1264.6430140843256,106,1.0,0.0
-3484.2579160172854,136,1.0,0.0
-3358.177631895198,138,0.9965753424657534,0.0
486.65429918779915,131,1.0,0.0
-4806.787043026032,117,1.0,0.0
461.1325851062476,119,1.0,0.0
-2670.343840805645,133,1.0,0.0
-487.61208210481067,128,1.0,0.0
-355.12944643000833,144,1.0,0.0
-3879.3951698522187,113,1.0,0.0
-265.55277662604357,139,1.0,0.0
154.96623635530045,107,1.0,0.0
-1829.396371306915,106,1.0,0.0
-509.93260119921774,122,1.0,0.0
-4597.104685367677,120,1.0,0.0
-1486.2692746126688,128,1.0,0.0
-1477.777283074912,127,1.0,0.0
202.33905824123474,106,1.0,0.0
-526.5077890676936,134,1.0,0.0
1531.6237068106204,137,1.0,0.0
-1483.4268761350713,136,1.0,0.0
-1260.5342676064502,143,1.0,0.0
-497.1550982214344,130,1.0,0.0
258.3837605338458,119,1.0,0.0
-1225.5816357700335,151,1.0,0.0
-2703.3601415495655,126,1.0,0.0
-4658.798127844275,121,1.0,0.0
-769.1378229621336,107,1.0,0.0
-2849.5351343178954,116,1.0,0.0
-546.1593026586161,118,1.0,0.0
1284.7890155179812,115,1.0,0.0
-518.2604173856682,122,1.0,0.0
-545.2242192483941,136,1.0,0.0
176.30050902820906,112,1.0,0.0
408.401067854645,123,1.0,0.0
-1540.955074166319,117,1.0,0.0
820.8176604009049,152,1.0,0.0
-392.4438047447928,142,1.0,0.0
615.5250694135873,141,1.0,0.0
1244.2929996390776,110,1.0,0.0
217.33573262984459,115,1.0,0.0
285.5241712029884,122,1.0,0.0
-561.4572127053476,134,1.0,0.0
-677.4402781482067,119,1.0,0.0
-1659.511474858081,106,1.0,0.0
-572.9308886707015,124,1.0,0.0
-746.0579772858407,109,1.0,0.0
310.4255791704762,107,1.0,0.0
385.91153964541553,124,1.0,0.0
1630.232021052518,141,1.0,0.0
328.11659665240484,128,1.0,0.0
-3613.070706472213,115,1.0,0.0
-1215.8286772875358,160,1.0,0.0
-2630.3045323537085,132,1.0,0.0
1382.2853298377745,108,1.0,0.0
-4610.744816508467,127,1.0,0.0
-1002.1552727924676,104,1.0,0.0
-1784.09341523434,108,1.0,0.0
-2152.7455035302246,155,1.0,0.0
-875.6953092168276,111,1.0,0.0
-552.7239881234332,115,1.0,0.0
1249.6853795257398,115,1.0,0.0
-2281.6955024219687,147,0.9966996699669967,0.0
1493.6710189601988,121,1.0,0.0
386.0101428519849,119,1.0,0.0
-1842.551781043869,106,1.0,0.0
-1514.7621751552456,129,1.0,0.0
1413.718855232987,129,1.0,0.0
-3357.790124197392,137,1.0,0.0
-1352.162395797112,121,1.0,0.0
-2835.0278331054283,108,1.0,0.0
-2700.8436408322905,119,1.0,0.0
457.7898287899358,124,1.0,0.0
731.4812465811976,136,1.0,0.0
-758.3423928271,117,1.0,0.0
1342.978524901347,122,1.0,0.0
472.7816712563161,122,1.0,0.0
640.8885056787848,132,1.0,0.0
-696.218281066956,112,1.0,0.0
1312.9917021421754,114,1.0,0.0
-1325.4459230246446,148,0.9933993399339934,0.0
-686.4768269979447,115,1.0,0.0
-1575.3293670382204,133,1.0,0.0
-2670.1611728916564,126,1.0,0.0
-2386.847858862678,146,1.0,0.0
1633.0731334332124,138,1.0,0.0
1322.9391170542342,126,1.0,0.0
267.83640890677884,114,1.0,0.0
189.3485013625974,105,1.0,0.0
1519.2181921861948,132,1.0,0.0
372.98734562696046,119,1.0,0.0
-1514.5442430049716,136,1.0,0.0
569.4709277485023,127,1.0,0.0
-2435.221330476956,125,1.0,0.0
-578.354705255341,112,1.0,0.0
-523.4980293834263,123,1.0,0.0
1298.435299192265,122,1.0,0.0
-2696.0709588330105,129,1.0,0.0
-802.7737868211289,107,1.0,0.0
-310.20321536702636,152,1.0,0.0
-770.8309935359249,110,1.0,0.0
-1721.8892053148659,117,1.0,0.0
-797.0863136793095,117,1.0,0.0
-2711.036086004083,110,1.0,0.0
-1805.5180985209913,103,1.0,0.0
187.11971878296893,113,1.0,0.0
1531.5579713166337,125,1.0,0.0
294.94276773068236,120,0.9956521739130435,0.0
305.28071868155365,111,1.0,0.0
182.14687225276143,110,1.0,0.0
-1835.0219899422418,110,1.0,0.0
-2505.748181556795,145,1.0,0.0
1124.8654374382631,103,1.0,0.0
-3192.135578258112,147,1.0,0.0
553.6136989800448,121,1.0,0.0
-713.0849735196481,122,1.0,0.0
-685.7021932633088,114,1.0,0.0
-668.0670916084605,120,1.0,0.0
1351.1704875047042,122,1.0,0.0
-1612.2847562529155,127,1.0,0.0
1421.7066786713747,126,1.0,0.0
1375.3429013717305,112,1.0,0.0
-2575.981916662757,120,1.0,0.0
1255.5479717794585,114,1.0,0.0
-629.4598354512451,120,1.0,0.0
-812.4492423515619,118,1.0,0.0
-1473.6401697140034,130,1.0,0.0
1641.5402771806778,143,1.0,0.0
-735.2326052242704,119,1.0,0.0
1231.3718803265872,111,1.0,0.0
398.71851344518734,113,1.0,0.0
382.76625318433327,120,1.0,0.0
-713.8552503838087,120,1.0,0.0
-831.6999443794481,104,1.0,0.0
1577.8440111063046,135,1.0,0.0
-1613.5360605642209,110,1.0,0.0
245.45868673344566,109,1.0,0.0
1149.0473619099957,109,1.0,0.0
1305.696199702687,112,1.0,0.0
-499.9766185849404,128,1.0,0.0
375.239882198928,122,1.0,0.0
-1763.4163796880648,108,1.0,0.0
-4655.574730134837,114,1.0,0.0
389.67007158536995,107,1.0,0.0
-766.6637398762084,129,1.0,0.0
507.91790223749524,117,1.0,0.0
-780.5787163721627,118,1.0,0.0
-459.5826170348055,138,1.0,0.0
1300.9596818649215,126,1.0,0.0
457.5690123780008,129,1.0,0.0
1549.4102544284174,128,1.0,0.0
448.5204911407793,125,1.0,0.0
1403.367681936221,139,1.0,0.0
-1441.9338512958197,130,1.0,0.0
-741.2929348512063,113,1.0,0.0
472.32277551879554,118,1.0,0.0
-635.5654920045204,133,0.9958847736625515,0.0
-1426.6609013724187,127,1.0,0.0
1405.4162035480076,123,1.0,0.0
1633.2316065656382,146,1.0,0.0
-4635.317614314821,109,1.0,0.0
-2722.077132533645,139,0.9956140350877193,0.0
-1575.0096349291562,134,1.0,0.0
-1580.7710972651685,118,1.0,0.0
1476.0192881392338,131,1.0,0.0
-2960.467315920941,107,1.0,0.0
267.65786359627805,109,1.0,0.0
1605.0463120432785,126,1.0,0.0
-5213.747124018199,142,1.0,0.0
-2878.3318102699786,103,1.0,0.0
569.4977270208338,137,1.0,0.0
-753.5976299220499,112,1.0,0.0
-4559.997268197377,129,1.0,0.0
284.94810036915214,107,1.0,0.0
1093.417834481851,107,1.0,0.0
-2838.6642843417303,114,1.0,0.0
-2657.188190585296,115,1.0,0.0
-2810.793073589887,110,1.0,0.0
-607.8593175213331,119,1.0,0.0
1521.290536028848,130,1.0,0.0
1334.5523503575728,120,1.0,0.0
-1597.6157133126173,123,1.0,0.0
1387.825410126603,118,1.0,0.0
249.1743271882124,119,1.0,0.0
-502.282949685531,125,1.0,0.0
-2509.9624099151224,133,1.0,0.0
454.2226659287345,118,1.0,0.0
1498.6828432115265,125,1.0,0.0
1300.4678595891774,114,1.0,0.0
-495.39601979925186,129,1.0,0.0
-469.215546756089,123,1.0,0.0
-2516.334371910818,136,0.9961685823754789,0.0
-2354.569230010631,142,1.0,0.0
-2606.733964514119,114,1.0,0.0
-1790.5416804827278,111,1.0,0.0
200.03679032028106,118,1.0,0.0
525.4834875725561,125,1.0,0.0
1408.658095070797,125,1.0,0.0
-1959.6672951860262,103,1.0,0.0
592.0933216681182,128,1.0,0.0
1260.8399896977746,113,1.0,0.0
1541.4058724201295,137,1.0,0.0
409.4989343946427,118,1.0,0.0
-413.46695475713966,141,1.0,0.0
-547.831477323185,125,1.0,0.0
-5338.408317441799,145,0.9965870307167235,0.0
-1473.6207264356829,142,1.0,0.0
374.1055717240564,112,1.0,0.0
-3625.407470892816,129,1.0,0.0
258.0082133029934,107,1.0,0.0
717.872236164445,141,1.0,0.0
-3813.275280846035,103,1.0,0.0
1420.9815518613084,124,1.0,0.0
1399.2561321559353,121,1.0,0.0
395.36437156135696,112,1.0,0.0
-6485.273466074515,128,1.0,0.0
1608.1001678479395,138,1.0,0.0
-1478.3161783696523,116,0.996309963099631,0.0
-725.6608216401265,103,1.0,0.0
-661.0992301457655,121,1.0,0.0
-671.630193124501,125,0.9957446808510638,0.0
572.6479411850586,130,1.0,0.0
644.55630882542,131,1.0,0.0
-2557.8624952602972,127,1.0,0.0
-2861.0091071004003,101,1.0,0.0
430.1563412939898,125,1.0,0.0
-5584.845024144192,125,0.9960159362549801,0.0
147.8085087775499,117,1.0,0.0
185.80494868772956,108,1.0,0.0
-5780.285704436598,111,1.0,0.0
-401.35767911039244,127,1.0,0.0
-4683.6479782904535,111,1.0,0.0
-817.2425769508857,119,1.0,0.0
-1854.1687461381266,108,1.0,0.0
1390.547741442671,112,1.0,0.0
-845.1559405939278,107,1.0,0.0
1719.2830947242298,137,1.0,0.0
-1682.454872955183,118,1.0,0.0
391.82573219233996,115,1.0,0.0
300.94314836906574,110,1.0,0.0
585.2472406356558,136,1.0,0.0
-1839.067610730346,117,1.0,0.0
-4632.129929063609,126,1.0,0.0
-2763.0767871577445,116,1.0,0.0
-2581.558660812068,117,1.0,0.0
1554.355261069582,130,1.0,0.0
497.62087753421025,130,1.0,0.0
1597.7875910156213,135,1.0,0.0
1654.6800783728029,133,1.0,0.0
-2459.048410534906,130,1.0,0.0
446.279041113748,117,1.0,0.0
490.27441902972845,134,1.0,0.0
-3585.325691466643,132,1.0,0.0
-855.5148490001455,109,1.0,0.0
265.5686898447168,117,1.0,0.0
-1225.7752316695742,151,0.9968152866242038,0.0
-593.0778920949322,124,1.0,0.0
-3554.2462737806495,125,1.0,0.0
347.36500454287335,114,1.0,0.0
-661.5719079344271,119,1.0,0.0
1194.6657082320069,109,1.0,0.0
443.22800303226234,121,1.0,0.0
-471.78694454086803,120,1.0,0.0
515.9049218483935,126,1.0,0.0
-543.521770963316,131,1.0,0.0
-581.8034031846867,124,1.0,0.0
67.62399406257629,111,1.0,0.0
-1513.5719148273174,120,1.0,0.0
-2462.611044971341,131,1.0,0.0
-3189.593256576605,144,0.996875,0.0
1377.8896749144103,125,1.0,0.0
-865.592626291474,109,1.0,0.0
1030.9426910815316,108,1.0,0.0
303.4273297589109,112,1.0,0.0
-492.29021578133165,122,1.0,0.0
-785.3656988759677,109,1.0,0.0
-703.5777838395262,115,1.0,0.0
-756.8904329117073,118,1.0,0.0
1256.945554366442,107,1.0,0.0
190.6333285259681,116,1.0,0.0
-545.1072947288833,132,1.0,0.0
-703.0594769925159,104,1.0,0.0
221.2915129607261,109,1.0,0.0
1349.6911840816856,109,1.0,0.0
-424.3791301007603,139,1.0,0.0
1264.775738968092,108,1.0,0.0
619.5331411712276,130,1.0,0.0
-3704.8845609815944,116,1.0,0.0
-1600.1724834965487,126,1.0,0.0
304.2667528601992,120,1.0,0.0
-689.8814239470612,132,1.0,0.0
1251.3759715343076,116,1.0,0.0
-524.2882904293201,133,1.0,0.0
-1559.9915386745035,121,1.0,0.0
1298.7095458189033,114,1.0,0.0
1403.4290149969577,107,1.0,0.0
228.60173200855166,115,1.0,0.0
234.49282470505435,110,1.0,0.0
35.722876918882235,105,1.0,0.0
1276.2123726591997,109,1.0,0.0
-3643.2671657438514,125,1.0,0.0
315.14762494386093,118,1.0,0.0
-2342.904384137146,146,1.0,0.0
1525.4771648852122,125,1.0,0.0
431.0767230092694,128,1.0,0.0
-2333.004309694016,144,1.0,0.0
-3683.529595363082,115,1.0,0.0
-1696.5117770869024,126,1.0,0.0
-1834.7559567535504,111,1.0,0.0
-2575.298839488259,121,1.0,0.0
-1531.6916085767152,121,1.0,0.0
-544.1518203782653,111,1.0,0.0
-2682.081810213741,111,1.0,0.0
-496.14132916934636,144,1.0,0.0
512.3703505145276,128,1.0,0.0
-678.8014621568999,114,1.0,0.0
1564.3551121016026,128,1.0,0.0
-2796.0930813505147,110,1.0,0.0
340.9432921873178,119,1.0,0.0
-1745.96277658625,122,1.0,0.0
-2711.7391689257447,114,1.0,0.0
-1650.0536235330787,117,1.0,0.0
102.96911709000607,110,1.0,0.0
1332.2992340675833,126,1.0,0.0
-562.6185788587936,135,1.0,0.0
-1627.803447415657,127,1.0,0.0
608.6412486047974,148,1.0,0.0
1605.8417503658425,145,1.0,0.0
516.4267584615994,133,1.0,0.0
1410.802800830309,122,1.0,0.0
275.1128697933281,103,1.0,0.0
-1584.1716569520083,128,1.0,0.0
1516.9454952347216,141,1.0,0.0
-1617.170358104712,128,1.0,0.0
1401.5579030997162,117,1.0,0.0
1663.1784837815026,138,1.0,0.0
1262.853651858696,121,1.0,0.0
-467.32861440275445,131,1.0,0.0
-4790.920044249372,116,1.0,0.0
580.9713341850904,134,1.0,0.0
-454.86688704551136,128,1.0,0.0
507.1232794269025,132,1.0,0.0
385.4251154107808,116,1.0,0.0
609.7164403686568,145,1.0,0.0
453.61810708544243,118,1.0,0.0
-433.4798764982666,141,1.0,0.0
1309.0430652837952,115,1.0,0.0
256.9130511894691,112,1.0,0.0
-2711.993549782362,133,1.0,0.0
-656.8386225466753,107,1.0,0.0
-411.80691404968115,136,1.0,0.0
-2620.6502206885925,121,1.0,0.0
-2523.8449427224564,136,0.9961685823754789,0.0
-3763.9041508752634,116,1.0,0.0
239.25559116827833,113,1.0,0.0
279.46155452753146,114,1.0,0.0
-632.5446392817261,129,1.0,0.0
1385.6699440447444,132,1.0,0.0
1611.140436359378,141,1.0,0.0
-860.6087088545128,116,1.0,0.0
-752.0315227507498,122,1.0,0.0
-2450.0791768229287,131,1.0,0.0
1447.7131203041145,129,1.0,0.0
1510.2673493197142,111,1.0,0.0
-281.81170484073766,138,1.0,0.0
-1620.38723079568,126,1.0,0.0
-1670.363951543693,115,1.0,0.0
347.2378354249748,108,1.0,0.0
-1531.534579406801,122,1.0,0.0
-784.947319623784,115,1.0,0.0
539.332189525724,130,0.9963235294117647,0.0
-3731.393898163937,115,1.0,0.0
751.3333576586773,148,1.0,0.0
-1596.8200107508912,135,1.0,0.0
1567.8538148949349,131,1.0,0.0
-376.2761780151148,148,1.0,0.0
-6344.023043860749,145,1.0,0.0
-189.2650212329105,152,1.0,0.0
-516.1881771993785,119,1.0,0.0
510.82626053298907,141,1.0,0.0
-3593.5229219189205,122,1.0,0.0
-2590.2075415655627,120,1.0,0.0
1346.1389134242866,110,1.0,0.0
-1196.5186711574675,139,1.0,0.0
1111.3921227211708,106,1.0,0.0
-1588.9021307668443,132,1.0,0.0
-2568.307389271412,121,1.0,0.0
-1443.3664818935783,144,0.9963636363636363,0.0
493.0167593950001,112,1.0,0.0
1266.7772124201533,111,1.0,0.0
1130.2123733745118,105,1.0,0.0
-1754.9569480373423,112,1.0,0.0
-503.21129442909034,122,1.0,0.0
-736.7313099021411,124,1.0,0.0
427.4924711106364,115,1.0,0.0
419.9475173031278,114,1.0,0.0
1310.3881368395228,121,1.0,0.0
445.0140823661489,119,1.0,0.0
-691.8561186309588,129,1.0,0.0
-582.6149782352568,134,1.0,0.0
-1635.8306776606175,115,1.0,0.0
423.09253193920256,127,1.0,0.0
-1699.5795914751259,130,1.0,0.0
1375.1506657992595,116,1.0,0.0
279.7403192780281,117,1.0,0.0
-1540.0347536375284,123,1.0,0.0
1110.5655406319972,117,1.0,0.0
1334.3561352909107,109,1.0,0.0
331.2750911935563,120,1.0,0.0
290.920918454354,114,1.0,0.0
394.62627232736867,134,1.0,0.0
495.563927752693,123,1.0,0.0
-2557.901176819974,118,1.0,0.0
1203.7086379137018,110,1.0,0.0
-2217.3342632156437,162,1.0,0.0
334.7762202072304,122,1.0,0.0
-1687.4283840974651,119,1.0,0.0
445.2898416932849,122,1.0,0.0
1282.2723817770373,107,1.0,0.0
-1713.0644079890203,115,1.0,0.0
1718.4262845402843,133,1.0,0.0
1117.8166156177106,113,1.0,0.0
-4600.975793279644,120,1.0,0.0
286.674639535763,118,1.0,0.0
-2974.3826370428205,104,1.0,0.0
1738.698639466093,148,1.0,0.0
-844.4072405015858,104,1.0,0.0
1584.9071311990251,121,1.0,0.0
337.9649300995605,116,1.0,0.0
-811.9223218847205,103,1.0,0.0
-2569.8777557847743,129,1.0,0.0
245.35619789617297,103,1.0,0.0
-2644.744416476629,119,1.0,0.0
372.12102053215307,118,1.0,0.0
-1447.9641420206544,130,1.0,0.0
-723.4069781613965,110,1.0,0.0
1696.6366667112754,143,1.0,0.0
-3463.856668556286,129,1.0,0.0
-673.2558839191126,114,1.0,0.0
351.464925802083,120,1.0,0.0
-2841.6014545776206,122,1.0,0.0
-1782.1764978699166,113,1.0,0.0
419.2417612841539,130,1.0,0.0
1147.0736724641288,115,1.0,0.0
-1583.8264484452563,124,1.0,0.0
-396.3323924273568,130,1.0,0.0
481.23281212131155,117,1.0,0.0
-807.1525951774275,112,1.0,0.0
-885.6933537765954,112,1.0,0.0
-1419.4666287356063,133,1.0,0.0
-1794.4479036646153,106,1.0,0.0
253.77520701191003,108,1.0,0.0
-964.6872821464963,106,1.0,0.0
-753.3856306172041,107,1.0,0.0
1556.7432067751488,133,1.0,0.0
-725.495975669225,106,1.0,0.0
-2521.8620189893104,120,1.0,0.0
429.55887113040245,133,1.0,0.0
349.65404848820606,113,1.0,0.0
1726.560736990844,146,1.0,0.0
1290.8255278420818,116,1.0,0.0
-696.0847732286808,129,1.0,0.0
-836.8604641395749,112,1.0,0.0
300.61036677767765,113,1.0,0.0
-628.0036642140625,120,1.0,0.0
-2667.8473694260206,120,1.0,0.0
-2636.1510492587568,122,1.0,0.0
34.5693264694717,102,1.0,0.0
433.91297070334934,125,1.0,0.0
1349.5529814126824,126,1.0,0.0
-674.6987985565594,118,1.0,0.0
1605.3389974270638,143,1.0,0.0
-348.79767773368496,139,1.0,0.0
1104.8111241102163,110,1.0,0.0
-335.1471115190876,145,1.0,0.0
-1830.814933185434,102,1.0,0.0
176.7732179382173,114,1.0,0.0
234.12643014760854,116,1.0,0.0
-669.616834036052,109,1.0,0.0
270.84854125628425,121,0.9955947136563876,0.0
1381.3976063428486,123,1.0,0.0
-680.8978136589101,107,1.0,0.0
-3700.189437999181,122,1.0,0.0
204.59167261987153,101,1.0,0.0
-406.60637732950056,134,1.0,0.0
1191.3573015299137,116,1.0,0.0
-611.2970177254457,119,1.0,0.0
288.74709771603676,117,1.0,0.0
1144.2451466818975,113,1.0,0.0
-788.6768951037187,105,1.0,0.0
-2664.1899042889477,121,1.0,0.0
-1814.3148084918755,111,1.0,0.0
-1374.5634673841148,139,1.0,0.0
-382.69848460135745,147,1.0,0.0
-668.3849023140407,124,1.0,0.0
281.5615890587355,122,1.0,0.0
478.5242188907981,123,1.0,0.0
-1402.9677348617827,139,1.0,0.0
227.66891908926647,109,1.0,0.0
300.6621153803506,112,1.0,0.0
-1599.9925882177395,120,1.0,0.0
357.9545639315035,122,1.0,0.0
173.43876139050454,110,1.0,0.0
-4481.351700370232,126,1.0,0.0
41.01040314015247,105,1.0,0.0
-736.1575804305202,112,1.0,0.0
-1536.754184483294,125,0.9961389961389961,0.0
1346.3528458029903,113,1.0,0.0
1623.6283125933744,138,1.0,0.0
-650.8246640120226,112,1.0,0.0
1430.3616192882666,131,1.0,0.0
1485.844807922116,122,1.0,0.0
1289.9177989426255,110,1.0,0.0
-823.9220200790397,107,1.0,0.0
-5757.386855810796,108,1.0,0.0
334.0291062852801,119,1.0,0.0
247.34268899482242,108,1.0,0.0
-802.6729619494398,108,1.0,0.0
1369.0531604664818,118,1.0,0.0
1493.4672047952954,120,1.0,0.0
1320.2591852654953,119,1.0,0.0
250.84694800534152,114,1.0,0.0
1084.2206067763282,105,1.0,0.0
714.3350445230425,149,1.0,0.0
121.52578944876743,103,1.0,0.0
1430.5761814165685,135,1.0,0.0
391.25978548289936,131,1.0,0.0
-78.31628508293353,157,1.0,0.0
-789.5580428584873,120,1.0,0.0
1297.8241267153298,117,1.0,0.0
1247.874900813909,115,1.0,0.0
-1395.9534294604405,145,0.9964664310954063,0.0
591.9679347317688,138,1.0,0.0
428.02223185232464,122,1.0,0.0
1363.2576875726652,128,1.0,0.0
250.37686495438993,112,1.0,0.0
184.06927273288036,108,1.0,0.0
-3598.10249596606,128,1.0,0.0
567.9087758119803,140,1.0,0.0
1533.404422100326,118,1.0,0.0
1147.3127229001298,112,1.0,0.0
-862.4720699171407,108,1.0,0.0
275.8636443953771,118,1.0,0.0
-4476.024591720753,124,1.0,0.0
131.2007178784699,106,1.0,0.0
-4712.33948612357,118,1.0,0.0
1309.3689479931102,118,1.0,0.0
-627.7630150244353,119,1.0,0.0
-561.2569225049646,126,1.0,0.0
1251.426833736355,123,1.0,0.0
78.39827492530166,108,1.0,0.0
-531.0448214177277,126,1.0,0.0
-1717.1986884569217,116,1.0,0.0
-1498.1111617652914,135,0.9962406015037594,0.0
1555.8368180514276,134,1.0,0.0
1287.5846274341152,121,1.0,0.0
-3703.59553452179,128,1.0,0.0
-2559.811736805711,118,1.0,0.0
1291.525338922368,109,1.0,0.0
363.6613764888643,132,1.0,0.0
-1447.526721057244,132,1.0,0.0
1327.4815605362612,130,1.0,0.0
1696.6278008105905,133,1.0,0.0
-1149.8540615566583,145,1.0,0.0
518.1947188187766,126,1.0,0.0
1058.9527861718962,108,1.0,0.0
340.6737531994653,126,1.0,0.0
-1529.4101336205028,134,1.0,0.0
-505.8244287727291,131,1.0,0.0
266.63005430728026,107,1.0,0.0
-588.8398973950453,125,1.0,0.0
572.7757806376962,135,1.0,0.0
409.86821147657673,127,1.0,0.0
1309.2189176662528,122,1.0,0.0
454.00840257137196,118,1.0,0.0
-2528.3273219065773,121,1.0,0.0
-619.3173782319594,115,1.0,0.0
-625.1086556037159,107,1.0,0.0
-675.1553812121165,127,1.0,0.0
312.0805966928743,112,1.0,0.0
406.7134044148315,131,1.0,0.0
1802.856384571045,137,1.0,0.0
1421.0027535041133,122,1.0,0.0
500.0099965208041,118,1.0,0.0
-1382.3212720584454,141,1.0,0.0
1451.801289006984,137,1.0,0.0
1418.3945027325813,113,1.0,0.0
1359.1892654674384,123,1.0,0.0
1495.5863429172264,124,1.0,0.0
1522.23348424617,140,1.0,0.0
1204.1747490555263,113,1.0,0.0
400.48559408903657,128,1.0,0.0
183.29150125345674,108,1.0,0.0
-583.6025760339198,127,1.0,0.0
481.13588276260356,119,1.0,0.0
284.2255263531398,110,1.0,0.0
1152.7250139818264,102,1.0,0.0
1161.836036310082,103,1.0,0.0
-482.0326794480899,137,1.0,0.0
-373.1196884609584,124,1.0,0.0
-795.1362200684168,108,1.0,0.0
-675.6057176598058,112,1.0,0.0
459.04699241214416,128,1.0,0.0
1453.4930341385427,131,1.0,0.0
1363.3137328844352,122,1.0,0.0
-468.7300477695567,148,1.0,0.0
-1455.6400877193432,135,1.0,0.0
-508.33169602471264,125,1.0,0.0
-2685.640942692892,125,1.0,0.0
1705.2104781768153,144,1.0,0.0
429.9802624872556,124,1.0,0.0
1461.3094006206384,114,1.0,0.0
1143.498953380144,106,1.0,0.0
1396.5176435826727,130,1.0,0.0
-1682.6467090415397,131,1.0,0.0
1329.8086014203604,117,1.0,0.0
1324.0161922887216,106,1.0,0.0
-529.6439823069118,127,1.0,0.0
1027.737085472895,110,1.0,0.0
317.69803270425393,108,1.0,0.0
1378.2008557688696,122,1.0,0.0
-537.8712161709458,131,0.9961538461538462,0.0
-1849.1036776201902,109,1.0,0.0
1310.1770637218738,117,1.0,0.0
1218.7469960409317,109,1.0,0.0
357.5957784172092,118,1.0,0.0
307.68067290711843,116,1.0,0.0
-575.0471343800269,115,1.0,0.0
391.15115614430323,120,1.0,0.0
277.0863427593593,129,1.0,0.0
1233.2481716092714,118,1.0,0.0
-612.8376862550422,120,1.0,0.0
1614.2096384924673,119,1.0,0.0
1338.2665973556036,112,1.0,0.0
470.16788258363925,132,1.0,0.0
251.25328906123536,114,1.0,0.0
-1587.3682294344449,129,1.0,0.0
1840.4420205515833,144,1.0,0.0
1244.3544321204595,117,1.0,0.0
1502.903868385945,130,1.0,0.0
308.03942196580334,113,1.0,0.0
525.2244694853324,129,1.0,0.0
484.65565077042777,127,1.0,0.0
1438.4921682030574,120,1.0,0.0
1195.4328319517476,105,1.0,0.0
1132.6783334771562,111,1.0,0.0
1217.605332704141,114,1.0,0.0
1446.270546271877,127,1.0,0.0
1556.1707357429784,119,1.0,0.0
505.02174074906907,120,1.0,0.0
1439.49945892256,119,1.0,0.0
1456.201461193912,130,1.0,0.0
1407.3456920673043,128,1.0,0.0
1477.1405524737654,130,1.0,0.0
1591.3271184680657,132,1.0,0.0
1335.2306978293836,118,1.0,0.0
1363.43771598547,120,1.0,0.0
619.252717053991,130,1.0,0.0
248.09886914305918,113,1.0,0.0
-535.2993348517207,129,1.0,0.0
1311.9954562611904,122,1.0,0.0
1302.196653439182,122,1.0,0.0
313.5879208026337,121,1.0,0.0
1417.7613378698525,125,1.0,0.0
1316.7778689359961,122,1.0,0.0
1397.6963436586695,128,1.0,0.0
1643.6115234632362,131,1.0,0.0
611.0410490773518,137,0.9964912280701754,0.0
123.87969572970633,106,1.0,0.0
1326.356107295796,114,1.0,0.0
1320.7251188008147,125,1.0,0.0
1226.3907953824973,114,1.0,0.0
1380.4206681109667,114,1.0,0.0
547.2305926584942,134,1.0,0.0
303.66951572381856,111,1.0,0.0
1507.7649557773036,128,1.0,0.0
1233.325630675553,115,1.0,0.0
1393.334044124471,116,1.0,0.0
559.2724075050018,130,1.0,0.0
595.9928129976922,129,1.0,0.0
1360.2717185110541,120,1.0,0.0
1546.6341968642987,133,1.0,0.0
1615.2225110253764,126,1.0,0.0
382.8015773329711,124,1.0,0.0
222.92657262138908,119,1.0,0.0
1392.524553847005,127,1.0,0.0
451.6581945082918,126,1.0,0.0
967.4179408171101,154,1.0,0.0
1733.503885235601,139,1.0,0.0
567.0286360316073,124,1.0,0.0
500.4969160105849,129,1.0,0.0
1504.4104207349972,132,1.0,0.0
1281.9272040959777,105,1.0,0.0
1757.7974150440482,145,1.0,0.0
1421.8703993347658,139,1.0,0.0
1320.9835465840883,125,1.0,0.0
1560.3102920088777,140,1.0,0.0
1323.326131645862,112,1.0,0.0
1665.1951209847784,145,1.0,0.0
383.48289833026183,117,1.0,0.0
-163.93652854005197,164,1.0,0.0
1216.5007083160074,106,1.0,0.0
1383.3165142262046,141,1.0,0.0
516.213348677044,123,1.0,0.0
1233.5862796368226,111,1.0,0.0
595.304707178498,134,1.0,0.0
1274.4136548280972,111,1.0,0.0
1729.3659952448572,157,1.0,0.0
1260.6353303378246,104,1.0,0.0
1628.1496531148946,143,1.0,0.0
1496.6060878320247,129,1.0,0.0
-865.3696874034522,108,1.0,0.0
1074.1153972289571,103,1.0,0.0
1700.1503025634206,143,1.0,0.0
1481.182186204495,132,1.0,0.0
1334.597211621293,116,1.0,0.0
1362.2834287210283,115,1.0,0.0
1043.9004721806793,178,1.0,0.0
1379.896474652378,115,1.0,0.0
521.4084363670721,133,1.0,0.0
1343.3745462098211,114,1.0,0.0
258.88742644711755,110,1.0,0.0
1418.7555893998751,121,1.0,0.0
1172.5860787267272,102,1.0,0.0
1301.3551993059054,106,1.0,0.0
1233.8954174405058,115,1.0,0.0
1631.846367861401,115,1.0,0.0
338.93374265338207,115,1.0,0.0
1464.9702737020516,122,1.0,0.0
519.3607050426117,122,1.0,0.0
1379.8300113548514,128,1.0,0.0
-659.5887948892062,125,1.0,0.0
1737.657729957253,150,1.0,0.0
1410.373178312814,124,1.0,0.0
1602.7619655641113,115,1.0,0.0
1534.8974530432945,133,1.0,0.0
1196.1055995601703,122,1.0,0.0
1540.4507998781905,140,1.0,0.0
1492.5975649327438,134,1.0,0.0
1373.8958491167461,123,1.0,0.0
1198.3428191791158,105,1.0,0.0
1386.1456202964848,112,1.0,0.0
1189.8359663887604,103,1.0,0.0
1358.1843868338508,124,1.0,0.0
664.1110007397164,136,1.0,0.0
1505.505478622182,125,1.0,0.0
1471.5386772299175,121,1.0,0.0
1170.8977607533297,110,1.0,0.0
1151.6489424938798,108,1.0,0.0
1453.903612133819,123,1.0,0.0
1174.6579784601256,118,1.0,0.0
1590.4252532262485,133,1.0,0.0
257.8616566725099,111,1.0,0.0
1431.4128222479933,117,1.0,0.0
302.42584126060837,110,1.0,0.0
1369.3741623391948,125,1.0,0.0
542.1555118928226,117,1.0,0.0
545.401701274259,127,1.0,0.0
1645.887871913128,130,1.0,0.0
1354.1756012310186,119,1.0,0.0
1263.2743443615325,114,1.0,0.0
-458.1961629781047,139,1.0,0.0
1233.8735067430573,119,1.0,0.0
297.39522782982715,106,1.0,0.0
286.5103218474088,132,1.0,0.0
1335.128049490581,119,1.0,0.0
1508.0391495037,129,1.0,0.0
1278.2483576992665,115,1.0,0.0
528.8978784533209,138,1.0,0.0
1447.5117015868643,131,1.0,0.0
1257.57401841775,121,1.0,0.0
1160.8150263915074,109,1.0,0.0
1690.29367660224,138,1.0,0.0
1236.4378692026812,120,1.0,0.0
1020.292130153277,106,1.0,0.0
1381.4904487764366,130,1.0,0.0
1697.5499074837746,135,1.0,0.0
1278.1459737101293,107,1.0,0.0
1797.4553469765963,144,1.0,0.0
1466.9735682861815,135,1.0,0.0
1321.8730622491603,125,1.0,0.0
1098.0705627625227,108,1.0,0.0
1423.8726531865473,119,1.0,0.0
1345.9002728795715,132,1.0,0.0
1213.4851867601935,111,1.0,0.0
1412.2110160113725,114,1.0,0.0
726.4198756588587,144,1.0,0.0
416.42406397556533,136,1.0,0.0
1722.086798696113,147,1.0,0.0
1682.5982211596522,148,1.0,0.0
1243.9924298640722,122,1.0,0.0
1586.856192498056,125,1.0,0.0
1316.5413830225311,113,1.0,0.0
1546.035736802017,138,1.0,0.0
1311.1916629184573,120,1.0,0.0
1231.608795648174,117,1.0,0.0
-441.23599558256717,135,1.0,0.0
1465.1656393427709,135,1.0,0.0
1629.779537606068,148,1.0,0.0
1626.219944832245,143,1.0,0.0
-629.8347640080127,132,1.0,0.0
478.5629030016245,128,1.0,0.0
584.5576916853622,145,1.0,0.0
1509.7060506632693,113,1.0,0.0
1392.7470427906358,115,1.0,0.0
1648.478482629068,149,1.0,0.0
1410.6182583960451,133,1.0,0.0
1586.2438683262228,124,1.0,0.0
1632.1643265011407,134,1.0,0.0
402.0662741962944,114,1.0,0.0
1431.2430845734186,126,1.0,0.0
520.4798705811103,133,1.0,0.0
1708.4181881282948,129,1.0,0.0
1260.5248333644338,113,1.0,0.0
1597.7422335226279,135,1.0,0.0
1055.6999055612716,105,1.0,0.0
1247.6312038210224,120,1.0,0.0
1413.531303462377,125,1.0,0.0
1172.7732510562594,113,1.0,0.0
-379.6468685450894,122,1.0,0.0
1224.2474653261288,109,1.0,0.0
1546.7536824039676,141,1.0,0.0
-585.3724111801608,120,1.0,0.0
1160.107286916621,114,1.0,0.0
1366.1121870879467,116,1.0,0.0
1738.4303539940895,145,1.0,0.0
546.5462560359933,109,1.0,0.0
461.1523404513558,133,1.0,0.0
1313.056435433303,120,1.0,0.0
532.1003904353555,134,1.0,0.0
337.53317174661885,115,1.0,0.0
469.17181032941346,123,1.0,0.0
1535.1090632074415,122,1.0,0.0
402.3434492370232,126,1.0,0.0
1238.5062546656015,115,1.0,0.0
1189.3382803651305,109,1.0,0.0
1524.4647878494986,121,1.0,0.0
1293.0084830494031,106,1.0,0.0
1293.393618048552,107,1.0,0.0
1257.632111261935,120,1.0,0.0
1298.7095470943327,127,1.0,0.0
1412.5612267496363,115,1.0,0.0
-556.9797653389853,129,1.0,0.0
1443.5237732497544,129,1.0,0.0
1127.0911382916345,102,1.0,0.0
1594.8194913752448,131,1.0,0.0
246.62268221246362,118,1.0,0.0
1596.5077768183578,126,1.0,0.0
1682.932559658479,138,1.0,0.0
1464.2736520600522,122,1.0,0.0
280.07228037747933,119,1.0,0.0
1455.3374957643787,126,1.0,0.0
1793.6898856221114,145,1.0,0.0
298.9200516506065,114,1.0,0.0
1067.6586723219966,104,1.0,0.0
1396.408862459386,132,1.0,0.0
1557.446518922332,132,1.0,0.0
1196.2498150599122,109,1.0,0.0
1518.7580178126404,123,1.0,0.0
-2736.1652115704555,119,1.0,0.0
1197.1286608670732,112,1.0,0.0
1250.1462466971611,110,1.0,0.0
1558.2615827938578,123,1.0,0.0
1151.1344327022969,107,1.0,0.0
1439.2780996118784,125,1.0,0.0
1440.9965486704905,135,1.0,0.0
1366.9665746863095,121,1.0,0.0
-1416.497116243448,131,1.0,0.0
1412.171868186094,117,1.0,0.0
1317.5670780584373,116,1.0,0.0
609.3517413076303,143,1.0,0.0
1687.3671228004073,125,1.0,0.0
1331.3751690740667,126,1.0,0.0
1549.9187291238209,141,1.0,0.0
1274.6660255811803,113,1.0,0.0
1305.5215114707219,120,1.0,0.0
1466.7689939585543,115,1.0,0.0
1435.9073888898063,140,1.0,0.0
1440.116095347729,130,1.0,0.0
1659.6773964664908,147,1.0,0.0
325.2325971048762,117,1.0,0.0
1293.7428974760116,112,1.0,0.0
1529.7326300701798,131,1.0,0.0
1437.6384031060306,117,1.0,0.0
1361.6915977517447,113,1.0,0.0
1238.3983562698265,113,1.0,0.0
1483.078805506732,135,1.0,0.0
1281.1291396494976,118,1.0,0.0
617.7694188887641,135,1.0,0.0
1392.3416468077999,117,1.0,0.0
1583.6878084417103,133,1.0,0.0
1267.6199491760588,123,1.0,0.0
1357.9443961213874,108,1.0,0.0
1597.6615190091243,131,1.0,0.0
1294.358588782983,125,1.0,0.0
484.4787784049126,116,1.0,0.0
1228.6460121006917,115,1.0,0.0
1282.2222342957448,121,1.0,0.0
1469.4041496481666,142,1.0,0.0
1302.1903497694598,110,1.0,0.0
1448.5129019849587,139,1.0,0.0
1312.8944916991218,111,1.0,0.0
1157.1278363984593,114,1.0,0.0
368.9650611348183,120,1.0,0.0
1387.8269727413838,114,1.0,0.0
1333.1332171229583,122,1.0,0.0
1153.0077254402936,114,1.0,0.0
1199.544762168907,110,1.0,0.0
135.30703408704642,113,1.0,0.0
391.7815131873816,127,1.0,0.0
1478.1316821438436,120,1.0,0.0
534.56780842765,125,1.0,0.0
1391.1627273751096,123,1.0,0.0
1768.2701059470264,151,1.0,0.0
1166.942140037829,112,1.0,0.0
1246.1408064201814,118,1.0,0.0
1303.3052033075382,113,1.0,0.0
1234.153330224357,103,1.0,0.0
1260.271629173049,111,1.0,0.0
1382.0485357006767,110,1.0,0.0
774.6661313210197,148,1.0,0.0
1584.4792465475084,145,1.0,0.0
1361.1118239483537,119,1.0,0.0
1264.3696889502469,115,1.0,0.0
335.1203391913264,114,1.0,0.0
-1339.1422763746466,135,1.0,0.0
1360.4219148397765,110,1.0,0.0
427.2354560368132,124,1.0,0.0
1590.3041495164232,137,1.0,0.0
1258.6395447171592,110,1.0,0.0
1288.1147743781626,102,1.0,0.0
1345.163383055084,128,1.0,0.0
1425.6363622132092,127,1.0,0.0
1234.4058798340652,113,1.0,0.0
1384.8178178129815,114,1.0,0.0
1219.6298290861405,112,1.0,0.0
1435.3351726537626,130,1.0,0.0
1757.4637037582493,135,1.0,0.0
526.2854476443516,131,1.0,0.0
1584.4834364035992,127,1.0,0.0
1293.333845614512,112,1.0,0.0
1451.721622736397,121,1.0,0.0
1219.4646163274185,119,1.0,0.0
918.1948341391343,103,1.0,0.0
508.6204766288384,135,0.996268656716418,0.0
1273.3834421937497,119,1.0,0.0
1325.972404763633,124,1.0,0.0
1337.2098573255928,110,1.0,0.0
1422.3867765780017,134,1.0,0.0
1252.7580102344416,127,1.0,0.0
1455.2674335899935,128,1.0,0.0
1275.659121537379,117,1.0,0.0
1476.006884014085,137,1.0,0.0
1409.308174954207,113,1.0,0.0
1618.6044134581634,129,1.0,0.0
1636.313329110773,131,1.0,0.0
355.688137705649,123,1.0,0.0
1359.0107626061838,116,1.0,0.0
-1408.9362557705065,126,1.0,0.0
758.9384362708228,150,1.0,0.0
1247.7894182394416,121,1.0,0.0
1509.5894962068883,128,1.0,0.0
1442.8940296716778,127,1.0,0.0
1435.232744553571,133,1.0,0.0
-819.5379281063273,110,1.0,0.0
1360.7698226513219,113,1.0,0.0
1434.1411444088924,116,1.0,0.0
1319.3492719824455,114,1.0,0.0
1261.8816004271373,108,1.0,0.0
1585.346902688447,137,1.0,0.0
1442.8061148465408,120,1.0,0.0
1162.4389642306662,115,1.0,0.0
1598.28879945895,136,1.0,0.0
1633.451814348787,135,1.0,0.0
-627.9832713917139,129,1.0,0.0
1388.9754715768456,117,1.0,0.0
1512.7782428520459,136,1.0,0.0
-1589.8463844392952,135,0.996,0.0
1325.2069774258,116,1.0,0.0
1267.7190849470803,120,1.0,0.0
1422.28251274763,126,1.0,0.0
1384.5375570839547,129,1.0,0.0
1650.176920995078,160,1.0,0.0
1466.953474368173,133,1.0,0.0
1362.1067866874098,118,1.0,0.0
1308.1344555874914,125,1.0,0.0
1219.1362484758076,109,1.0,0.0
1355.900745042924,114,1.0,0.0
1208.4547707837178,117,1.0,0.0
1195.8401022520277,105,1.0,0.0
-490.157575608814,125,0.9962825278810409,0.0
647.5552959321361,139,1.0,0.0
1665.3535355003746,130,1.0,0.0
172.45240370998243,107,1.0,0.0
1314.6746298908079,116,1.0,0.0
1319.624481775995,109,1.0,0.0
1417.2869819425207,122,1.0,0.0
1234.3270678450062,115,1.0,0.0
1256.5259087087345,102,1.0,0.0
-1459.771701350354,133,0.9928057553956835,0.0
1512.9104636906488,129,1.0,0.0
1227.8643497856517,103,1.0,0.0
1740.4928503711567,145,1.0,0.0
1295.0425081648252,113,1.0,0.0
1100.6360895609862,108,1.0,0.0
1658.045929927271,129,1.0,0.0
1638.847080754457,140,1.0,0.0
1351.5148425558486,110,1.0,0.0
1251.0574609007174,112,1.0,0.0
1497.5272601380527,124,1.0,0.0
273.9441160665657,110,1.0,0.0
1252.9889257097043,116,1.0,0.0
439.9218799109485,132,1.0,0.0
1461.1966483291496,129,1.0,0.0
1372.7175194277977,127,1.0,0.0
1417.7989229203397,128,1.0,0.0
1339.493854785921,107,1.0,0.0
1483.3245026054542,132,1.0,0.0
1248.5261350092164,119,1.0,0.0
1328.5493977777942,115,1.0,0.0
1137.1884429756803,110,1.0,0.0
379.8415911962536,123,1.0,0.0
1288.6411295013188,119,1.0,0.0
1318.44767257191,116,1.0,0.0
1462.605039397457,135,1.0,0.0
1486.0682795266446,132,1.0,0.0
1300.7480482624771,114,1.0,0.0
1267.3280643082487,111,1.0,0.0
1276.4878910058615,119,1.0,0.0
1466.6783445359395,120,1.0,0.0
1518.170080445497,134,1.0,0.0
1583.9813018072116,129,1.0,0.0
1609.4632143962438,146,1.0,0.0
1529.8739681112663,116,1.0,0.0
1459.753813811072,120,1.0,0.0
1468.1694979639942,113,1.0,0.0
1177.0822103720118,103,1.0,0.0
311.11638164562834,116,1.0,0.0
79.60574730986968,105,1.0,0.0
287.04403354094444,114,1.0,0.0
1559.4721460121823,125,1.0,0.0
599.3110388024853,138,1.0,0.0
1620.964910766151,139,1.0,0.0
1525.5387042079444,119,1.0,0.0
1139.641200020413,112,1.0,0.0
1197.8596391802766,108,1.0,0.0
1403.8241169165046,121,1.0,0.0
1576.9733822913688,125,1.0,0.0
1353.5785135805686,116,1.0,0.0
1675.9188811496247,140,1.0,0.0
1405.981499403471,123,1.0,0.0
1454.2010715925026,138,1.0,0.0
725.0212701335232,138,1.0,0.0
1399.5519103819963,122,1.0,0.0
-698.0429960396949,110,1.0,0.0
1339.8507477135138,114,1.0,0.0
457.6651673280664,120,1.0,0.0
1167.5398609918554,109,1.0,0.0
1470.342540279822,119,1.0,0.0
1805.9520083168943,155,1.0,0.0
1267.5380419011547,117,1.0,0.0
1108.3415261840812,107,1.0,0.0
1462.5878696769933,131,1.0,0.0
1383.4765908934949,115,1.0,0.0
-562.9400347247308,120,1.0,0.0
1507.5409548411556,142,1.0,0.0
1215.6884143832935,107,1.0,0.0
1131.7167184729024,105,1.0,0.0
1340.8079405336828,122,1.0,0.0
1311.1714835852179,119,1.0,0.0
1325.3013968517268,117,1.0,0.0
491.45148521650196,134,1.0,0.0
1654.1851315317233,145,1.0,0.0
1431.7011245813724,131,1.0,0.0
1583.5339616124627,131,1.0,0.0
1521.2717422492024,120,1.0,0.0
1471.7220440251615,115,1.0,0.0
1572.350633702754,135,1.0,0.0
1282.2231331998428,105,1.0,0.0
1530.1912599471198,136,1.0,0.0
1307.1013517460815,114,1.0,0.0
1403.2664099151393,121,1.0,0.0
1577.7752980380387,129,1.0,0.0
1469.1067475482025,131,1.0,0.0
1404.7066002797421,116,1.0,0.0
1259.5367405096285,112,1.0,0.0
1480.7460777663573,130,1.0,0.0
1260.0961326629592,106,1.0,0.0
1225.8094841983625,111,1.0,0.0
1543.7395911974122,135,1.0,0.0
573.0027145366143,128,1.0,0.0
256.7282306424492,125,1.0,0.0
1393.8818749070108,123,1.0,0.0
1300.2857916485887,102,1.0,0.0
1434.342358006801,114,1.0,0.0
1361.0105855117863,114,1.0,0.0
1485.786006544555,115,1.0,0.0
1476.9756126553139,125,1.0,0.0
1326.3576722576513,120,1.0,0.0
303.83137925257336,117,1.0,0.0
1297.48876677571,117,1.0,0.0
1431.9615748951658,118,1.0,0.0
1196.1895511187513,108,1.0,0.0
1274.0392414990783,103,1.0,0.0
1555.9856595220795,128,1.0,0.0
1314.2497413802585,130,1.0,0.0
1465.5520514180898,125,1.0,0.0
1176.9506828132962,105,1.0,0.0
804.96705957023,146,1.0,0.0
1264.9264491027136,114,1.0,0.0
1528.874927748743,126,1.0,0.0
1512.4754539652272,135,1.0,0.0
1373.392000754292,106,1.0,0.0
1230.5914814901857,112,1.0,0.0
1468.3472005477915,127,1.0,0.0
1530.7816484167693,134,1.0,0.0
1562.5482505293326,138,1.0,0.0
179.93168701049748,108,1.0,0.0
1393.022710583485,108,1.0,0.0
1533.6572121108695,125,1.0,0.0
510.2230970445662,122,1.0,0.0
-743.1785961104931,117,1.0,0.0
1494.3782890158786,124,1.0,0.0
281.59458400149606,106,1.0,0.0
1618.0203373796844,150,1.0,0.0
1184.1668976868268,113,1.0,0.0
1457.7073849599692,134,1.0,0.0
1397.9977704059586,125,1.0,0.0
1416.1050295554985,118,1.0,0.0
1472.3767478270292,127,1.0,0.0
1627.2731798904033,136,1.0,0.0
1744.2913924051986,134,1.0,0.0
1470.848392184427,132,1.0,0.0
1332.981468063649,123,1.0,0.0
1323.9610557413234,109,1.0,0.0
1248.9900994792195,105,1.0,0.0
1401.4630157708718,116,1.0,0.0
1214.2132470808367,106,1.0,0.0
1450.9484752417768,121,1.0,0.0
146.42851201573887,113,1.0,0.0
412.4317991270599,115,1.0,0.0
1185.4684933564372,114,1.0,0.0
777.690234035786,143,1.0,0.0
344.83079545184455,125,1.0,0.0
1289.625440208577,126,1.0,0.0
1388.9492218400046,114,1.0,0.0
1358.6522817991531,126,1.0,0.0
1762.6891205308127,148,1.0,0.0
1638.33164761684,131,1.0,0.0
612.6165454265678,133,1.0,0.0
1379.8852221168715,111,1.0,0.0
1158.3518430073525,112,1.0,0.0
1398.648331217343,118,1.0,0.0
1217.0775812458096,109,1.0,0.0
625.0408168003752,125,1.0,0.0
1591.944615125588,131,1.0,0.0
370.30497509607284,124,1.0,0.0
1703.8102595712699,150,1.0,0.0
1349.9482485808537,107,1.0,0.0
1279.5304234691769,111,1.0,0.0
1351.7946480548508,126,1.0,0.0
1439.8386393335022,127,1.0,0.0
664.5075526694046,137,1.0,0.0
1500.4730702786646,127,1.0,0.0
1659.634217670104,136,1.0,0.0
1421.4166737370083,117,1.0,0.0
1446.2025128061575,145,1.0,0.0
1676.9230609676606,151,1.0,0.0
273.4174831399953,119,1.0,0.0
1812.6049256081508,152,1.0,0.0
1126.3286027484166,104,1.0,0.0
1530.7099520009608,122,1.0,0.0
1366.228160579209,125,1.0,0.0
1175.0666832325628,107,1.0,0.0
1393.2931686464342,127,1.0,0.0
1310.8674642819858,107,1.0,0.0
343.9682116841161,117,1.0,0.0
1417.9786065663686,122,1.0,0.0
1272.445906574314,116,1.0,0.0
1612.738529419277,129,1.0,0.0
1461.2988106394805,135,1.0,0.0
1561.580105579817,131,1.0,0.0
1271.8547648008034,113,1.0,0.0
1314.0481723053406,119,1.0,0.0
1353.2697899039447,112,1.0,0.0
1266.128886302522,114,1.0,0.0
1404.8568681594832,124,1.0,0.0
1605.4255282208233,139,1.0,0.0
1316.2582382753,113,1.0,0.0
1453.042417258764,140,1.0,0.0
1172.5883516264098,106,1.0,0.0
1213.1206809782693,115,1.0,0.0
1187.2906192040145,113,1.0,0.0
1190.7020936265915,108,1.0,0.0
1485.6364500606203,123,1.0,0.0
1665.6836730102798,128,1.0,0.0
1101.647421333411,110,1.0,0.0
369.54603200968404,118,1.0,0.0
1445.5930431925215,132,1.0,0.0
1343.6410318527958,119,1.0,0.0
1097.7583346303186,111,1.0,0.0
1384.4795900149627,127,1.0,0.0
1257.141674547202,115,1.0,0.0
1369.1734301843585,119,1.0,0.0
1523.2939570072433,135,1.0,0.0
1170.5477414047239,103,1.0,0.0
1311.856347706704,113,1.0,0.0
342.11870820024575,124,1.0,0.0
1381.6080110101911,121,1.0,0.0
-1646.6413240885277,119,1.0,0.0
1118.8042533398486,104,1.0,0.0
1245.331966202764,103,1.0,0.0
372.1082688213065,116,1.0,0.0
425.3283046311615,124,1.0,0.0
1336.251255534473,123,1.0,0.0
607.60092986072,138,1.0,0.0
1360.4333354460093,118,1.0,0.0
1271.027458969868,103,1.0,0.0
1567.4801854665598,146,1.0,0.0
1750.5575135653087,151,1.0,0.0
1313.2049732618548,111,1.0,0.0
524.3120799449165,125,1.0,0.0
1544.4114930816875,141,1.0,0.0
1470.7731463230546,126,1.0,0.0
1539.7895800327206,130,1.0,0.0
1311.7488279080999,120,1.0,0.0
1464.7313356342174,129,1.0,0.0
1394.8596210922788,116,1.0,0.0
373.7206095312329,115,1.0,0.0
1793.9297865552896,140,1.0,0.0
335.46258064912587,120,1.0,0.0
152.38248611459105,106,1.0,0.0
-386.15276453082146,135,1.0,0.0
-441.40932923488987,130,1.0,0.0
1484.4246767960672,138,1.0,0.0
1535.7093488104706,136,1.0,0.0
1422.6844433264014,137,1.0,0.0
1351.9519215718,123,1.0,0.0
-518.3988329731574,122,1.0,0.0
1438.364606952578,124,1.0,0.0
1537.3754523808755,131,1.0,0.0
1261.8659483562726,122,1.0,0.0
569.6361410365733,124,1.0,0.0
468.450172519288,118,1.0,0.0
1650.2662608028907,144,1.0,0.0
1198.5467507016854,102,1.0,0.0
1566.0197006944122,147,1.0,0.0
1415.7263628550782,123,1.0,0.0
1608.217789886217,142,1.0,0.0
1354.8745216113061,122,1.0,0.0
-434.0699388027412,142,1.0,0.0
1390.103916965128,114,1.0,0.0
1453.2348256910227,131,1.0,0.0
1379.582629110525,129,1.0,0.0
-485.2732424175247,129,1.0,0.0
1250.7565526750686,110,1.0,0.0
1420.9978269048893,119,1.0,0.0
1426.311047543483,120,1.0,0.0
1137.3732069891469,102,1.0,0.0
-790.6658466931086,117,1.0,0.0
1579.8197823027756,135,1.0,0.0
1482.0033200059513,122,1.0,0.0
1489.2730896790383,127,1.0,0.0
1435.9082701239588,118,1.0,0.0
1749.428223062064,159,1.0,0.0
1439.4955825891143,120,1.0,0.0
1150.7492577073342,106,1.0,0.0
1231.4503554165985,114,1.0,0.0
1277.0624941604021,121,1.0,0.0
1436.4550722821416,110,1.0,0.0
1246.0442494924544,117,1.0,0.0
-403.4926127306976,132,0.9964664310954063,0.0
1249.0986911888488,125,1.0,0.0
1154.2503105319834,108,1.0,0.0
1447.8519295950516,114,1.0,0.0
1548.488415627285,122,1.0,0.0
1422.8660294137017,128,1.0,0.0
1376.3330824402415,120,1.0,0.0
1427.9617924204017,123,1.0,0.0
1474.8206753292172,120,1.0,0.0
1454.0516892685569,120,1.0,0.0
-530.8292192653572,134,1.0,0.0
1534.57662092781,134,1.0,0.0
1419.9014352407064,127,1.0,0.0
1314.3847979447396,128,1.0,0.0
1417.195905466782,126,1.0,0.0
1320.835249348244,119,1.0,0.0
1542.7834397346003,129,1.0,0.0
1226.3258612910877,115,1.0,0.0
1299.2700349045206,121,1.0,0.0
1374.0041029575325,114,1.0,0.0
1415.337717458436,127,1.0,0.0
1361.0524761115828,127,1.0,0.0
84.67737471655134,110,0.9948453608247423,0.0
1302.4945118664104,113,1.0,0.0
1150.336662950635,114,1.0,0.0
1372.0428240495128,121,1.0,0.0
513.5386033521736,128,1.0,0.0
527.7975553082752,120,1.0,0.0
1653.0496745811156,151,1.0,0.0
1504.696400131078,131,1.0,0.0
1564.4051214488738,138,1.0,0.0
1224.46684039037,107,1.0,0.0
1490.6634646393566,125,1.0,0.0
1302.267444531277,112,1.0,0.0
1391.4316917684166,121,1.0,0.0
1236.1905727940332,112,1.0,0.0
1357.6231210084284,116,1.0,0.0
1137.8417172039208,103,1.0,0.0
1268.596423611,113,1.0,0.0
1146.7562373806552,113,1.0,0.0
1570.2831738858415,122,1.0,0.0
1333.3940494639642,113,1.0,0.0
1334.6824934307801,124,1.0,0.0
1233.2405204917784,118,1.0,0.0
1616.9455020388723,123,1.0,0.0
1465.9665542902815,123,1.0,0.0
1334.493856303575,123,1.0,0.0
1509.4967059142327,132,1.0,0.0
458.4438150152709,116,1.0,0.0
1520.091159733496,138,1.0,0.0
1456.243911866943,131,1.0,0.0
531.7749243633327,132,1.0,0.0
1413.798451874859,119,1.0,0.0
1393.5422736982157,134,1.0,0.0
1432.418102968335,126,1.0,0.0
1317.5641518750897,121,1.0,0.0
1237.172456461279,113,1.0,0.0
1160.6416822942003,109,1.0,0.0
1319.7912964616344,127,1.0,0.0
272.94642951499674,114,1.0,0.0
1533.0335569250167,140,1.0,0.0
1728.9260125121698,138,1.0,0.0
509.17250119109497,143,1.0,0.0
1669.832030633475,144,1.0,0.0
1395.7923255701269,132,1.0,0.0
1347.7106783110119,115,1.0,0.0
1450.1659679917,122,1.0,0.0
1442.5915765626034,116,1.0,0.0
1697.858635886122,140,1.0,0.0
364.51040702640364,117,1.0,0.0
1167.2172473360415,103,1.0,0.0
345.75770667067496,125,1.0,0.0
-466.12218426760217,121,1.0,0.0
1417.7669620556098,124,1.0,0.0
1360.7584441098636,119,1.0,0.0
1402.0081180988054,124,1.0,0.0
521.8681092007921,116,1.0,0.0
1247.6655100536127,113,1.0,0.0
1378.4455640621602,117,1.0,0.0
1489.5984105876662,109,1.0,0.0
1524.4950584048977,141,1.0,0.0
1800.1895526183187,155,1.0,0.0
1356.6034015486264,109,1.0,0.0
1458.3185746951453,136,1.0,0.0
255.19383021806618,118,1.0,0.0
1377.3838399199706,122,1.0,0.0
1491.7102358734294,123,1.0,0.0
1347.5474952558668,116,1.0,0.0
-276.93351938230825,136,1.0,0.0
232.04793672513844,112,1.0,0.0
1423.882221782066,117,1.0,0.0
1342.679848325944,110,1.0,0.0
415.45738675958245,145,1.0,0.0
1305.9150675509609,114,1.0,0.0
-592.6682308427489,121,1.0,0.0
1553.1031554669712,123,1.0,0.0
1189.343811671623,116,1.0,0.0
414.5034272173812,125,1.0,0.0
1317.3726888250608,120,1.0,0.0
1369.7511641654312,119,1.0,0.0
1296.8739894429048,116,1.0,0.0
282.315022918584,111,1.0,0.0
1198.3862513026854,108,1.0,0.0
1532.0538423255286,130,1.0,0.0
1391.985766325339,121,1.0,0.0
1384.729536403639,122,1.0,0.0
1312.0556870639027,119,1.0,0.0
1151.4319060389148,107,1.0,0.0
472.73304718549446,120,1.0,0.0
379.5592795437895,117,1.0,0.0
1427.1636641368746,118,1.0,0.0
1514.969293295667,124,1.0,0.0
1235.9498409254873,116,1.0,0.0
1292.021700730186,107,1.0,0.0
1397.27119527979,130,1.0,0.0
1160.4283348525985,110,1.0,0.0
1355.74434579109,119,1.0,0.0
1498.729339207493,133,1.0,0.0
263.15738734266455,114,1.0,0.0
1462.3077181149827,115,1.0,0.0
634.739993839942,126,1.0,0.0
1334.3270772108517,120,1.0,0.0
1549.1655203679336,135,1.0,0.0
1280.588626883532,120,1.0,0.0
1301.1514693000622,121,1.0,0.0
561.5837508624953,133,1.0,0.0
1497.011264551824,128,1.0,0.0
1401.539162335919,117,1.0,0.0
1466.2165543819083,143,1.0,0.0
1395.4703092983343,116,1.0,0.0
1571.7779441891273,132,1.0,0.0
1534.181815609787,119,1.0,0.0
-765.4641160132296,112,1.0,0.0
1228.3325444824247,115,1.0,0.0
222.6146832414097,106,1.0,0.0
1363.8490997403708,120,1.0,0.0
1331.9076121283715,113,1.0,0.0
